Company,URL,"Company Description","All Investors","Total Funding",Sector,Country,State,City,"Min Valuation","Max Valuation"
BAMTech,http://www.,"BAMTech grew out of MLBAM, the interactive media and Internet company of Major League Baseball. Since it was founded in 2000, MLBAM has been an award-winning digital business at the forefront of the digital revolution in delivering world-class experiences and distributed content through all forms of interactive media. Its proprietary technology provides direct-to-consumer video solutions, especially for live events with high viewership, offering viewers high-quality visuals anytime, on any device. Its video platform back-end technology provides flexibility to personalize and enhance content-viewing experiences and is capable of serving live content to tens of millions of consumers around the world. BAMTech's growing roster of sports, news and entertainment clients includes HBO NOW, the National Hockey League, Major League Baseball, the PGA TOUR, WWE Network and Ice Network (the leading digital platform for professional figure.","MLB Advanced Media;The Walt Disney Company",1000,Internet,"United States","New York","New York",3030,3030
"JD Finance",http://www.,"JD Finance provides a range of financial services and products to consumers, startups, SMEs and other businesses in China.","China Harvest Investments;China Taiping Life Insurance;JD.com;Sequoia Capital China",1010,Financial,China,,,7342.65,7342.65
"Weiying Technology",http://www.wepiao.com,"Weiying Technology operates WePiao, a Chinese ticketing app integrated into WeChat and QQ.","CEC Capital Group;CITICS Prosperity Fund Management;CMC Holdings;Everbright Financial Holdings;Gewara;GGV Capital;Gopher Asset Management;iDreamSky Technology;Noah Private Wealth Management;Shandong Luxin Investment Holdings Group;Shanghai Gangtai Group;Tencent Holdings;Wanda Group;Wenzi Huasha;Zeus Entertainment",1034.13,Internet,China,,Beijing,2000,2000
Cloudera,http://www.cloudera.com,"Cloudera is revolutionizing enterprise data management by offering the first unified Platform for Big Data, an enterprise data hub built on Apache Hadoop. Cloudera offers enterprises one place to store, process and analyze all their data, empowering them to extend the value of existing investments while enabling fundamental new ways to derive value from their data. Only Cloudera offers everything needed on a journey to an enterprise data hub, including software for business critical data challenges such as storage, access, management, analysis, security and search. As the leading educator of Hadoop professionals, Cloudera has trained over 20,000 individuals worldwide. Over 900 partners and a seasoned professional services team help deliver greater time to value. Finally, only Cloudera provides proactive and predictive support to run an enterprise data hub with confidence. Leading organizations in every industry plus top public sector organizations globally run Cloudera in production.","Accel Partners;Caterina Fake;Google Ventures;Greylock Partners;Hartford Funds Management Group;Ignition Partners;In-Q-Tel;Intel;Meritech Capital Partners;MSD Capital;T. Rowe Price",1041,Internet,"United States",California,"Palo Alto",4100,4100
Idealab,http://www.idealab.com,"Idealab creates and operates pioneering technology companies. Its pioneering companies include CitySearch, now a part of IAC, which established the category of local online community directories. eToys demonstrated the potential for online consumer retail and became one of the most recognized brands during the early days of e-commerce. Overture Services, which began life as GoTo.com, was the first company to introduce the concept of paid search - the business model that powers the multibillion-dollar online search market. Idealab continues to explore a range of technology frontiers. New models for improving the search experience are at the core of several companies currently growing inside of Idealab. Moving beyond the Internet, Idealab has spawned companies with breakthrough technologies in robotics, renewable energy and automotive design and production among others. Idealab also continues to partner with leading venture capital firms and other strategic investors to provide the resources to maximize the potential of these companies. In addition to capital, Idealab provides a full range of resources to infuse start-ups with the support they need to rapidly introduce innovative products and services. Resources include office space and the accompanying office services, development and technology, product and graphic design, marketing, financial advice, human resources, competitive research, legal, accounting and business development support and services. In addition, Idealab provides advice on strategy, branding and corporate structure.","24/7 Media;BancBoston Capital;Ben Rosen;Dell Ventures;Hikari;Hikari Tsushin;Ignition Partners;Kline Hawkes & Co.;Michael Douglas;Moore Capital Management;Petersen Properties;Steven Spielberg;Sumitomo;T. Rowe Price",1100,"Business Products & Services","United States",California,Pasadena,7460,7460
Koubei,http://www.koubei.com,"Koubei focuses on enabling local commerce and aims to generate business for local retailers by bringing them online, while also offering new commerce opportunities for consumers.","Alibaba Group;Ant Financial Services Group;CDH Investments;Primavera Capital Group;Silver Lake;Yunfeng Capital",1100,"Mobile & Telecommunications",China,,Hangzhou,8000,8000
Dropbox,http://www.dropbox.com,"Dropbox, founded by Drew Houston and Arash Ferdowsi (MIT engineers) in 2007, is a cross-platform cloud storage solution, with support for Windows, Mac OS X and Linux. Files in a user's Dropbox folder are continuously kept in sync between the user's computers and securely backed up online. Folders in the Dropbox can also be shared with others, causing many businesses to abandon traditional network drives and VPNs. As of 2010, Dropbox has made apps for the some of the popular smartphones such as: iPhone, Android, and Blackberry.","Accel Partners;Ali Partovi;Benchmark;BlackRock;Bono;CRV;Glynn Capital Management;Goldman Sachs;Greylock Partners;GSV Capital;Hadi Partovi;Index Ventures;Institutional Venture Partners;J.P. Morgan Chase & Co.;Morgan Stanley;RIT Capital Partners;Salesforce Ventures;Sequoia Capital;SV Angel;T. Rowe Price;The Edge;Troy Carter;Valiant Capital Partners;Wellington Partners;Y Combinator",1107.22,Internet,"United States",California,"San Francisco",10000,10000
SpaceX,http://www.spacex.com,"SpaceX designs, manufactures and launches advanced rockets and spacecraft. The company was founded in 2002 to revolutionize space technology, with the ultimate goal of enabling people to live on other planets. SpaceX has gained worldwide attention for a series of historic milestones. It is the only private company ever to return a spacecraft from low-Earth orbit, which it first accomplished in December 2010. The company made history again in May 2012 when its Dragon spacecraft attached to the International Space Station, exchanged cargo payloads, and returned safely to Earth - a technically challenging feat previously accomplished only by governments. Since then Dragon has delivered cargo to and from the space station multiple times, providing regular cargo resupply missions for NASA.","Capricorn Investment Group;Draper Fisher Jurvetson;Elon Musk;Fidelity Investments;Founders Fund;Frontier Tech VC;Google;Valor Equity Partners",1185,Industrial,"United States",California,Hawthorne,12000,12000
"Intarcia Therapeutics",http://www.intarcia.com,"Intarcia Therapeutics is a biopharmaceutical company developing therapies to ensure the best treatment outcome by optimizing patient convenience and adherence. Intarcia is addressing challenging diseases that require long-term chronic therapy by enhancing efficacy and reducing the burden therapies often place on the patient's life. Intarcia's drug development expertise and competitive edge is demonstrated by its ability to stabilize macromolecules and to deliver them in a constant and consistent manner over an extended period of time via the proprietary DUROS drug delivery platform. Intarcia exclusively licensed the DUROS implantable delivery technology for a broad scope of use from ALZA Corporation. This license enables development programs in the areas of endocrinology, metabolic disorders, multiple sclerosis, and rheumatology. Intarcia currently has lead programs in hepatitis C and type 2 diabetes. In addition to expanding its development programs, the DUROS technology allows Intarcia to explore partnering opportunities with pharmaceutical and biotechnology companies in disease areas where poor patient tolerance to therapy and inconvenient treatment regimens often prevent effective clinical outcomes.","Adams Street Partners;Affentranger Associates;Alta Partners;Baillie Gifford & Co.;Baupost Group;Bay City Capital;Bill & Melinda Gates Foundation;Brentwood Associates;Charter Life Sciences;Charter Venture Capital;Delphi Ventures;Farallon Capital Management;Fidelity Investments;Foresite Capital Management;Franklin Templeton Investments;Fred Alger Management;GGV Capital;Glynn Capital Management;Greenspring Associates;Industry Ventures;InterWest Partners;LODH Private Equity Partners;Marker;MidCap Financial;New Enterprise Associates;New Leaf Venture Partners;Omega Advisors;Omega Fund Management;Pictet Group;Quilvest Private Equity;RA Capital Management;SB Life Science Ventures;Shandong Luxin Investment Holdings Group;Silicon Valley Bank;The Pritzker Organization;Undisclosed Investors;Venrock",1185.13,Healthcare,"United States",Massachusetts,Boston,3500,3715
"Guohua Life Insurance",http://www.guohualife.com,"Guohua Life Insurance operates as an insurance company. The Company mainly provides various life insurance, health insurance, accident insurance and other life insurance services.","Hubei Biocause Pharmaceutical",1200,Financial,China,,Shanghai,2727.27,2727.27
Homelink,http://www.lianjia.com,"Beijing Homelink Real Estate Brokerage Co. (Lianjia) offers an online platform for rental and second-hand real estate transactions.","Baidu;Huasheng Capital;Source Code Capital;Sunac China Holdings;Tencent Holdings",1247,Internet,China,,Beijing,5769.23,5769.23
"Jupiter Shop Channel",http://www.shopch.jp,"Jupiter Shop Channel is a television shopping company offering items from jewellery and cosmetics to home appliances and food through an around-the-clock broadcast.  In December 2008, Sumitomo, through subsidiaries including SC Media & Commerce, acquired indirectly a 30% equity interest in Jupiter Shop Channel from a subsidiary of IAC (NASDAQ : IACI) and has come to hold 100% of the interests in Shop.","Bain Capital;Sumitomo",1300,"Retail (non-internet/mobile)",Japan,,,2600,2600
Pinterest,http://www.pinterest.com,"Pinterest is a place to discover ideas for projects and interests, hand-picked by people. Discover and save creative ideas for cooking, travel, home improvement and more.","Akkadian Ventures;Andreessen Horowitz;Ashton Kutcher;Bessemer Venture Partners;Betaworks;Brian Cohen;Fidelity Investments;FirstMark Capital;Founders Circle Capital;Fritz Lanman;Goldman Sachs;Hank Vigil;Hartford Funds Management Group;Industry Ventures;Jack Abraham;Jeremy Stoppelman;Kevin Hartz;Rakuten;Scott Belsky;Shana Fisher;SV Angel;Valiant Capital Partners;Wellington Management;WME/IMG",1315.8,Internet,"United States",California,"San Francisco",11000,11000
"Le Sports",http://www.lesports.com,"Le Sports is an online sports video streaming business.","Caissa Travel;CMC Holdings;CQB Hedge Fund;Fortune Link;HNA Capital;Jia Nailiang;Liu Tao;Prometheus Capital Partners;Sun Honglei;Wanda Group;Wang Jianlin;Yunfeng Capital;Zhongtai Securities;Zhongze Culture Investment",1328.8,Internet,China,,Beijing,3300,3300
"Delivery Hero",http://www.deliveryhero.com,"Delivery Hero, along with its sister company Lieferheld, is a worldwide network of online food ordering sites. More than 35,000 restaurants are connected to its service across Sweden, Finland, Poland, Austria, Germany, UK, Denmark, Russia, Australia, Switzerland, South Korea, China, Mexico and India.","E-Tech Solutions;General Atlantic;German Startups Group;Holtzbrinck Ventures;Insight Venture Partners;Kite Ventures;Kreos Capital;Lead Edge Capital;Luxor Capital Group;Phenomen Ventures;Point Nine Capital;Rocket Internet;ru-Net;Target Global;Team Europe Ventures;Tengelmann Ventures;Undisclosed Investors;Vostok New Ventures;WestTech Ventures",1330.33,Internet,Germany,,Berlin,3100,3100
"Moderna Therapeutics",http://www.modernatx.com,"Moderna Therapeutics is pioneering messenger RNA Therapeutics, an entirely new in vivo drug modality that produces human proteins or antibodies inside patient cells, which are in turn active intracellularly or secreted. This platform addresses currently undruggable targets and offers a superior alternative to existing drug modalities for a wide range of disease conditions. Moderna has developed a broad intellectual property estate, including more than 200 patent applications with more than 10,000 claims ranging from novel nucleotide chemistries to specific drug compositions. The company plans to develop and commercialize its innovative mRNA drugs-initially for rare diseases and oncology-while partnering drug candidates in other therapeutic areas in order to rapidly deliver this innovation to patients. Moderna is a privately held company based in Cambridge, Massachusetts.","Alexion Pharmaceuticals;AstraZeneca;Bill & Melinda Gates Foundation;Biomedical Advanced Research and Development Authority;Boston Medical Investors;DARPA;Flagship Pioneering;Invus Group;Massachusetts Life Sciences Center;Merck & Co.;RA Capital Management;Viking Global Investors;Wellington Management",1341.73,Healthcare,"United States",Massachusetts,Cambridge,3000,3000
Telxius,http://www.telxius.com,"Telxius Telecom, an infrastructure company, provides telecom infrastructure services in Europe and the Americas. The company operates through the Cable segment and the Tower segment.","Kohlberg Kravis Roberts & Co.",1345,"Mobile & Telecommunications",Spain,,Madrid,3361,3361
"One97 Communications",http://www.one97.com,"One97 Communications is a mobile internet company. Paytm, One97's flagship brand, is India's largest digital goods and mobile commerce platform - inspired and driven by a commitment to great consumer experience. Paytm is also a payment solutions provider to e-commerce merchants using its RBI approved semi-closed wallet.","Alibaba Group;Ant Financial Services Group;ICICI Bank;IF Partners;Intel Capital;Mountain Capital;Ratan Tata;SAIF Partners;Sapphire Ventures;Silicon Valley Bank",1370,"Mobile & Telecommunications",India,,Pradesh,4830,4830
"Magic Leap",http://www.magicleap.com,"Magic Leap is a developer of novel human computing interfaces and software.","Alibaba Group;Andreessen Horowitz;Enjoyor Group;Fidelity Investments;Google;J.P. Morgan Partners;Kleiner Perkins Caufield & Byers;Kohlberg Kravis Roberts & Co.;Legendary Entertainment;Morgan Stanley Expansion Capital;Obvious Ventures;Qualcomm Ventures;T. Rowe Price;Tull Investment Group;Twilio;Undisclosed Investors;Vulcan Capital;Warner Bros. Entertainment;Wellington Management",1390.5,"Software (non-internet/mobile)","United States",Florida,Dania,4500,4500
"ISS A/S",http://www.issworld.com,"ISS (International Service System) is a Facility Service provider, with market presence in Europe, Asia, South America, North America, and Australia. The five core business areas in the Facility Service concept are Cleaning, Property Services, Catering Services, Office Support and Security Services.","Deutsche Bank;EQT Partners;Goldman Sachs;GS Capital Partners;KIRKBI;Nordea Bank;Ontario Teacher's Pension Plan Board;UBS",1394,"Business Products & Services",Denmark,,Copenhagen,2361.53,2361.53
"Adama Agricultural Solutions",http://www.adama.com,"Adama Agricultural Solutions is a global manufacturer and distributor of crop protection solutions.","China National Chemical Corporation",1400,Agriculture,Israel,,"Airport City",3500,3500
Grab,http://www.grab.com,"Grab, formerly GrabTaxi, is a taxi booking app. Grab's 'Share your Ride' function, which allows users to share their journey through social media or messaging apps with friends and family, has provided extra security for passengers. Grab also allows users to rate their drivers and view their information.","500 Accelerator;China Investment Corporation;Coatue Management;Didi Chuxing;GGV Capital;Hillhouse Capital Management;Honda;Qunar;SoftBank Group;Tiger Global Management;Tokyo Century Corporation;Undisclosed Angel Investors;Vertex Venture Holdings",1440.05,"Mobile & Telecommunications",Singapore,,,3000,3000
Coupang,http://www.coupang.com,"Coupang is a fast-growing e-commerce company. Powered by its technology infrastructure, Coupang offers a large end-to-end fulfillment operation in Korea and one of the most revolutionary last-mile delivery services in the world.","BlackRock;Founder Collective;Greenoaks Capital Management;Hartford Funds Management Group;LaunchTime;Rose Park Advisors;Sequoia Capital;SoftBank Group;Undisclosed Investors;Wellington Management",1442.37,Internet,"South Korea",,Seoul,5000,5000
e-Shang,http://www.e-shang.com.cn,"e-Shang is a professional developer and total solution provider for warehousing infrastructure and facilities development business in the retail industry. It also provides logistics and office facilities development, operation, and management services for companies.","APG Asset Management;China Minsheng Banking Corp.;Everbright Financial Holdings;Everbright Securities;GF Investments;Goldman Sachs;Huarong International;Huarong Rongde;Ping An Insurance;Shanghai Pudong Development Bank;State Oil Fund;The Redwood Group;Warburg Pincus",1470,"Business Products & Services",China,,Shanghai,3250,3250
Kabbage,http://www.kabbage.com,"Kabbage, headquartered in Atlanta, has pioneered the first financial services data and technology platform to provide fully automated funding to small businesses in minutes. Kabbage leverages data generated through business activity such as accounting data, online sales, shipping and dozens of other sources to understand performance and deliver fast, flexible funding in real time. Through its Karrot brand, Kabbage offers simple consumer loans through its automated platform.","BlueRun Ventures;David Bonderman;ING;Lumia Capital;Mohr Davidow Ventures;Recruit Strategic Partners;Reverence Capital Partners;Santander InnoVentures;Scotiabank;Softbank Capital;SV Angel;The TCW Group;Thomvest Ventures;Undisclosed Angel Investors;Undisclosed Investors;UPS Strategic Enterprise Fund;Victory Park Capital;Warren Stephens;Western Technology Investment;Yuan Capital",1498.95,Internet,"United States",Georgia,Atlanta,1000,1000
Cainiao,http://www.cainiao.com,"Cainiao operates a logistics information platform providing both buyers and sellers with real-time information access. The information helps facilitate the efficient delivery of goods ordered on Alibaba's marketplaces.","GIC;Khazanah Nasional Berhad;Primavera Capital Group;Temasek Holdings",1540,Internet,China,,,7700,7700
Vivint,http://www.vivint.com,"Vivint Smart Home is a provider of smart home services in North America. Vivint delivers an integrated smart home system with in-home consultation, professional installation and support delivered by its Smart Home Pros, as well as 24-7 customer care and monitoring. Dedicated to redefining the home experience with intelligent products and services, Vivint serves more than one million customers throughout the U.S. and Canada.","Bank of America;Blackstone Group;Citibank National Association;Goldman Sachs;Jupiter Partners LP;Merrill Lynch;Peter Thiel;Peterson Private Equity;Solamere Capital;U.S. Bancorp",1597.26,"Mobile & Telecommunications","United States",Utah,Provo,2000,2000
WeWork,http://www.wework.com,"WeWork offers work place spaces, providing a collaborative and creative environment for businesses and individuals. The company is affiliated with a co-working incubator for startups, WeWork Labs.","Aleph;Benchmark;Fidelity Investments;Goldman Sachs;Hartford Funds Management Group;Harvard Management Company;Hony Capital;J.P. Morgan Chase & Co.;Jin Jiang International;Legend Holdings;Mort Zuckerman;Star Farm Ventures;T. Rowe Price;Undisclosed Investors;Wellington Management",1700.75,"Business Products & Services","United States","New York","New York",16900,16900
Lu.com,http://www.lu.com,"Shanghai Lujiazui International Financial Asset Exchange Co., dba Lu.com (previously known as Lufax), operates two online lending platforms. Lu.com was launched in March 2012 and provides financing and lending services for small and medium enterprises and individual clients.","Arbor Ventures;Bank of China;BlackPine Private Equity Partners;CDH Investments;China International Capital Corporation;Guotai Junan Securities;Minsheng Shangyin International Holding;Morgan Stanley;Ping An Insurance;Ping An Ventures;Sagamore Investments",1701,Internet,China,,Shanghai,18500,18500
Avant,http://www.avant.com,"Avant is changing the way online banking customers borrow money. Utilizing advanced algorithms and machine-learning capabilities, the company offers a unique and highly customized approach to the personal loan process. The combination of technology, analytics and customer service capabilities allows the company to offer an easy-to-use online process for loans to borrowers, all entirely online.","August Capital;Balyasny Asset Management;Credit Suisse;DFJ Growth Fund;General Atlantic;J.P. Morgan Chase & Co.;Jefferies & Company;Kohlberg Kravis Roberts & Co.;Peter Thiel;RRE Ventures;Tiger Global Management;Undisclosed Angel Investors;Victory Park Capital",1719,Internet,"United States",Illinois,Chicago,2000,2000
"Cengage Learning",http://www.cengage.com,"Cengage Learning is a provider of teaching, learning, and research solutions for the academic, professional, and library markets worldwide. The company's products and services are designed to foster academic excellence and professional development, increase student engagement, improve learning outcomes, and deliver authoritative information. Cengage Learning's brands include Brooks/Cole, CourseTechnology, Delmar, Gale, Heinle, South-Western, and Wadsworth.","Apax Partners;OMERS Capital Partners;Undisclosed Investors",1750,Internet,"United States",Massachusetts,Boston,7750,7750
Snapdeal,http://www.snapdeal.com,"Snapdeal, operated by Jasper Infotech, is an India-based daily deal site featuring a wide range of products and services from thousands of national, international and regional brands. There is a wide assortment of products across categories like Mobiles, Electronics, Fashion accessories, Apparel and Footwear, Kids, Home and Kitchen, Sports, Books, Restaurants, Entertainment and Spas amongst others. Snapdeal is the shopping destination for millions of online users across the country.","Alibaba Group;Bessemer Venture Partners;BlackRock;Clouse SA;eBay;Foxconn Technology Company;Intel Capital;Iron Pillar;Kalaari Capital;Myriad Capital;Nexus Venture Partners;Ontario Teacher's Pension Plan Board;PremjiInvest;Ratan Tata;Recruit Strategic Partners;ru-Net;Saama Capital;SoftBank Group;Temasek Holdings;Tybourne Capital Management",1758.7,Internet,India,,"New Delhi",6500,7000
"American Century Investments",http://www.americancentury.com,"American Century Investments is a privately held investment management firm, committed to delivering superior investment performance and building long-term client relationships since its founding in 1958. The firm offers a broad, diversified set of actively managed investment capabilities and solutions to clients across the globe. Delivering investment results to clients enables American Century Investments to distribute over 40 percent of its profits to the Stowers Institute for Medical Research, a 500-person, non-profit basic biomedical research organization.","Canadian Imperial Bank of Commerce;J.P. Morgan Chase & Co.;Nomura Holdings",1848,Financial,"United States",Missouri,"Kansas City",2439.02,2439.02
Lyft,http://www.lyft.com,"Lyft, formerly Zimride, is an online social rideshare community building a marketplace for drivers to sell empty seats in cars by matching them with passengers traveling along the same route. In addition to public routes like San Francisco to Los Angeles, Lyft has implemented networks for universities and companies including Stanford, UCLA, University of Michigan, Facebook and Jet Blue.","Alibaba Group;Altpoint Ventures;Andreessen Horowitz;AutoTech Ventures;Bill Ford;Coatue Management;Collaborative Fund;Didi Chuxing;DIG Investment;Facebook fbFund;Floodgate;Fontinalis Partners;Fortress Investment Group;Founders Fund;General Motors;Graphene Ventures;Icahn Enterprises;K9 Ventures;Keith Rabois;Kingdom Holding Company;Machine Shop Ventures;Mayfield Fund;Rakuten;Teddy Downey;Tencent Holdings;Third Point;Troy Carter",1862.5,"Mobile & Telecommunications","United States",California,"San Francisco",5500,5500
"Terminal Investment Limited",http://www.tilgroup.com,"Terminal Investment Limited (TIL) invests in, develops and manages container terminals around the world. It was founded in 2000 to secure berths and terminal capacity in the major ports used by MSC Mediterranean Shipping Co. Since then, TIL has grown to become one of the largest and most geographically diverse container terminal operators globally. TIL’s terminals have been selected for their important and strategic locations around the world, including major origin and destination and transshipment trade hubs and gateways in Europe, Asia, North America, South America and West Africa.","Global Infrastructure Partners",1929,"Automotive & Transportation",Luxembourg,,,5511.42,5511.42
"Palantir Technologies",http://www.palantir.com,"Palantir Technologies is working to radically change how groups analyze information. The company offers a suite of software applications for integrating, visualizing and analyzing the world's information, supporting many kinds of data including structured, unstructured, relational, temporal and geospatial. Palantir's products are built for real analysis with a focus on security, scalability, ease of use and collaboration. They are broadly deployed in the intelligence, defense, law enforcement and financial communities, and are spreading rapidly by word of mouth into applications in other industries and realms of impact.","Artis Ventures;Benjamin Ling;DIG Investment;Fluke Venture Partners;Founders Fund;Glynn Capital Management;In-Q-Tel;Jeremy Stoppelman;REV;RRE Ventures;Sozo Ventures;Tiger Global Management;Ulu Ventures;Undisclosed Investors;Youniversity Ventures",1944.23,"Software (non-internet/mobile)","United States",California,"Palo Alto",20000,20000
"Ansaldo Energia",http://www.ansaldoenergia.it,"Ansaldo Energia is a provider of services and equipment to thermoelectric power plants, including gas turbines, steam turbines and turbogenerators.","CDP Equity;First Reserve;Leonardo-Finmeccanica;Shanghai Electric Group",2045.56,Industrial,Italy,,Genova,1383.9,1383.9
Olacabs,http://www.olacabs.com,"Olacabs (aka ANI Technologies) runs a marketplace for cabs and car rental services under the brand Ola. The company is operational in India.","ABG Capital;Accel Partners India;Anupam Mittal;Baillie Gifford & Co.;Bessemer Venture Partners;Dan Neary;Didi Chuxing;DST Global;Falcon Edge Capital;GIC;Helion Venture Partners;Matrix Partners India;Parkwood Bespin;Ratan Tata;Rehan Yar;Sequoia Capital India;SoftBank Group;Steadview Capital;Tiger Global Management;Undisclosed Investors;Vanguard Group",2140,"Mobile & Telecommunications",India,,Bengaluru,3500,3500
"Social Finance",http://www.sofi.com,"Social Finance (SoFi) connects students and alumni through a dedicated lending pool and an original social community. SoFi provides an approach where students, alumni, and schools all benefit. Alumni earn a double bottom line return, students receive a lower loan rate than private or federal options, and both sides benefit from the connections formed. Schools access a new, stable, low-cost funding source that doesn't cannibalize giving while building accountability to their students and alumni.","Bancorp;Baseline Ventures;DCM Ventures;Discovery Capital Management;East West Bank;Educational Credit Management Corporation;GPI Capital;Innovation Endeavors;Institutional Venture Partners;Lakestar;Morgan Stanley;Peter Thiel;Renren Lianhe Holdings;RPM Ventures;Silver Lake;SoftBank Group;Third Point;Undisclosed Investors;Wellington Management;Wicklow Capital;Zac Zeitlin",2194.07,Internet,"United States",California,"San Francisco",4000,4000
Spotify,http://www.spotify.com,"Spotify is a digital music-streaming service that provides on-demand access to songs on devices, computers, mobiles, tablets, and home entertainment systems. Its services allow subscribers to search and discover music collections of friends, artists, and celebrities; build a personal collection playlist; and share music on Spotify, Facebook, Twitter, blogs, and via email with friends. The company also allows artists to post tracks on social networks, share them with fans, and promote their career. In addition, it provides advertising services.","Accel Partners;Ashton Kutcher;Baillie Gifford & Co.;Breyer Capital;Creandum;Credit Suisse;D.E. Shaw & Co.;Deutsche Bank;DIG Investment;Discovery Capital Management;Dragoneer Investment Group;DST Global;Fidelity Investments;Founders Fund;Goldman Sachs;GSV Capital;Halcyon Capital;Horizons Ventures;Jared Leto;Justin Bieber;Kleiner Perkins Caufield & Byers;Lakestar;Lansdowne Partners;Lead Edge Capital;Li Ka-Shing;Morgan Stanley;Northzone Ventures;Norwest Venture Partners;P. Schoenfeld Asset Management;Rinkelberg Capital;Sean Parker;Senvest Capital;Technology Crossover Ventures;Telia;The Coca-Cola Company;TPG Capital;Troy Carter;Wellington Partners",2272.56,Internet,Sweden,,Stockholm,8530,8530
Ele.me,http://www.ele.me,"Ele.me is a China-based online food ordering site. Its website and apps enable users to search for restaurants nearby and make orders. Users don't have to register with the service for ordering food. Ele.me doesn't offer delivery support.","Alibaba Group;Ant Financial Services Group;Beijing Hualian Group;China Media Capital;CITIC Capital Private Equity;Dianping;Didi Chuxing;Gopher Asset Management;GSR Ventures;Horizons Ventures;JD.com;Matrix Partners China;Sequoia Capital China;Slender West Lake Investment;Tencent Holdings",2335,Internet,China,,Shanghai,4500,4500
"Carestream Health",http://www.carestream.com,"Carestream is a worldwide provider of dental and medical imaging systems and IT solutions; X-ray imaging systems for non-destructive testing and advanced materials for the precision films and electronics markets.  In May 2007, Onex Corporation acquired the Health Group of Eastman Kodak Company. The company was renamed to Carestream Health. The valuation of Carestream Health was $2.35 billion.","Onex Corporation;Undisclosed Investors",2400,Healthcare,"United States","New York",Rochester,2350,2350
Xiaomi,http://www.xiaomi.com,"Xiaomi is focused on self-developed high-end smartphone mobile devices with low price-points.","All-Stars Investment;Banco do Brasil;Breyer Capital;Credit Suisse;Deutsche Bank;DST Global;GGV Capital;GIC;Goldman Sachs;IDG Capital Partners;Industrial and Commercial Bank of China;J.P. Morgan Chase & Co.;Mitsubishi UFJ Financial Group;Morgan Stanley;Morningside Ventures;Qiming Venture Partners;Qualcomm Ventures;Ratan Tata;Temasek Holdings;Undisclosed Investors;Yunfeng Capital",2447,"Mobile & Telecommunications",China,,Haidian,45000,46000
Infor,http://www.infor.com,"Infor Global Solutions provides business applications to mid-sized companies, delivering software that is simple to buy, easy to deploy and convenient to manage. The company offers numerous products for human capital management, enterprise resource planning, and customer relationship management to name a few. The company offers, Infor ERP, solutions that deliver functionality and usability specifically for the manufacturing and distribution industries.","Golden Gate Capital;Koch Industries;Salesforce;Summit Partners",2633,"Software (non-internet/mobile)","United States","New York","New York",10000,10000
"Associated British Ports",http://www.abports.co.uk,"Associated British Ports (ABP) is the UK's largest ports company with 21 ports and over 2,400 staff which handle approximately 25 percent of all UK seaborne trade, measured by tonnage. In addition, ABP operates a number of transport-related businesses, as well as a property division. It also has car import services at four U.S. ports.","Borealis Infrastructure;CPP Investment Board;GIC;Goldman Sachs;Hermes GPE;Prudential Capital Group",2900,"Automotive & Transportation","United Kingdom",England,London,9666.67,9666.67
Flipkart,http://www.flipkart.com,"Flipkart is a destination for online shopping in India, offering some of the best prices and a completely hassle-free experience with options of paying through Cash on Delivery, Debit Card, Credit Card, and Net Banking processed through secure and trusted gateways. Users can shop for favorite books, apparel, footwear, lifestyle accessories, baby care products, toys, posters, sports and fitness, mobile phones, laptops, cameras, movies, music, health and beauty, televisions, refrigerators, air-conditioners, washing machines, MP3 players, and products from a host of other categories available.","Accel Partners India;Baillie Gifford & Co.;Dragoneer Investment Group;DST Global;GIC;Greenoaks Capital Management;HDFC Bank;Iconiq Capital;Morgan Stanley;Naspers;Qatar Investment Authority;Sofina;Steadview Capital;T. Rowe Price;The Times Group;Tiger Global Management;Vanguard Group;Vulcan Capital",3245.7,Internet,India,,Bengaluru,15200,16000
"China Internet Plus",http://www.,"China Internet Plus, aka Meituan-Dianping, was formed by the merger of Meituan and Dianping. Meituan is a China-based group discount platform. Dianping is a Chinese location-based dining information and group-buying website.","Baillie Gifford & Co.;Capital Today;China Development Bank Capital Corporation;China International Capital Corporation;China Resources Holdings;CPP Investment Board;DST Global;Source Code Capital;Temasek Holdings;Tencent Holdings;Trustbridge Partners",3300,Internet,China,,Beijing,18000,20000
"Global Switch",http://www.globalswitch.com,"Global Switch has built a reputation for creating data centers that set new standards in scale, resilience and connectivity. The company owns and operates ten data centers centrally located in Tier 1 cities across Europe and Asia-Pacific, offering a total of 300,000 sq m of world class technical space with further developments underway. Its network is home to some of the most forward-thinking public and private organizations of all sizes, who rely on us to house their mission critical IT infrastructure and connect them seamlessly to a diverse choice of telecoms, internet and cloud providers.","Aviation Industry Corporation of China;Essence Financial;Jiangsu Sha Steel Group;Ping An Insurance;Undisclosed Investors",3484.75,"Computer Hardware & Services","United Kingdom",England,London,6023.06,6023.06
AirBnB,http://www.airbnb.com,"Airbnb is a community marketplace for people to list, discover, and book accommodations around the world online or from a mobile phone. Whether an apartment for a night, a castle for a week, or a villa for a month, Airbnb connects people to travel experiences, at any price point. And with world-class customer service and a growing community of users, Airbnb is an easy way for people to monetize extra space and showcase it to an audience of millions.","Andreessen Horowitz;Ashton Kutcher;Baillie Gifford & Co.;Bank of America;Betaworks;Bezos Expeditions;capitalG;China Broadband Capital;Citigroup;CrunchFund;Dragoneer Investment Group;DST Global;Elad Gil;ENIAC Ventures;Fidelity Investments;FirstMark Capital;Founders Fund;General Atlantic;General Catalyst;GGV Capital;Greylock Partners;Hillhouse Capital Management;Horizons Ventures;J.P. Morgan Chase & Co.;Jeremy Stoppelman;Keith Rabois;Kleiner Perkins Caufield & Byers;Lakestar;Morgan Stanley;Sequoia Capital;Sequoia Capital China;SV Angel;T. Rowe Price;Technology Crossover Ventures;Temasek Holdings;The Times Group;Tiger Global Management;TPG Growth;Undisclosed Investors;Wellington Management;Y Combinator;Youniversity Ventures",3950.28,Internet,"United States",California,"San Francisco",30000,30000
"Ant Financial Services Group",http://www.alipay.com,"Ant Financial Services Group is focused on serving small and micro enterprises as well as consumers. With the vision of ""to turn trust into wealth,"" it is dedicated to building an open ecosystem of Internet thinking and technologies while working with other financial institutions to support the future financial needs of society. Businesses operated by Ant Financial Services Group include Alipay, Alipay Wallet, Yu'e Bao, Zhao Cai Bao, Ant Credit and MYbank (under formation).","CCB Trust;China Development Bank Capital Corporation;China Investment Corporation;China Life Insurance;China Post Capital;National Social Security Fund;Primavera Capital Group",4900,Internet,China,,Hangzhou,60000,60000
"Didi Chuxing",http://www.xiaojukeji.com,"Didi Chuxing, formerly Didi Kuaidi, was formed by the merger of Kuaidi Dache and DiDi Dache. Xiaoju Technology, dba DiDi Dache and aka Didi Taxi, is a China-based mobile app to hail taxis. The company offers services in over 300 cities in China. Didi aims to develop a comprehensive transportation platform that covers a wide range of services including taxi, Didi Black, last-mile logistics, mobile-based retail and intelligent public transportation systems.","Alibaba Group;Ant Financial Services Group;Apple;Beijing Automotive Group Co;BlackRock;Capital International Private Equity Funds;China Investment Corporation;China Life Insurance;China Merchants Bank;China Post Group;Coatue Management;Eagle Legend Global;Farallon Capital Management;Foxconn Technology Company;OppenheimerFunds;Ping An Ventures;Poly Group;Sina Weibo;SoftBank Group;Temasek Holdings;Tencent Holdings;Uber",8566.9,"Mobile & Telecommunications",China,,Beijing,33800,33800
Uber,http://www.uber.com,"Uber is a mobile application that allows subscribers to get a car service from cell phones. Users can request a car by telling the company a location, via texting an address or using iPhone or Android apps to set a pickup location on a map. Uber will send the nearest driver for pick up, and text message an estimated arrival time. When the ride is over, Uber will automatically charge the users' credit card on file. Uber takes GPS data from the ride and charges for distance or time depending on speed. Any tolls and surcharges incurred during a ride are then added on top of this calculated fare, as well as a base fare.","Adam Leber;Alfred Lin;Ashton Kutcher;Babak Nivi;Baidu;Barclays Bank;Benchmark;Bezos Expeditions;BlackRock;Caspian VC Partners;China Life Insurance;Chris Hollod;Citigroup;CrunchFund;Cyan Banister;David Cohen;David Sacks;Didi Chuxing;Dror Berman;Expa;Fidelity Investments;First Round Capital;Founder Collective;Gary Vaynerchuk;Glade Brook Capital;Goldman Sachs;Google Ventures;Hartford Funds Management Group;Hillhouse Capital Management;Iconiq Capital;Industry Ventures;Innovation Endeavors;Jason Calacanis;Jason Port;Jeremy Stoppelman;Jordache Ventures;Josh Spear;Kapor Capital;Kevin Hartz;Khaled Helioui;Kleiner Perkins Caufield & Byers;Kumpulan Wang Persaraan;Lead Edge Capital;LetterOne;Lone Pine Capital;Lowercase Capital;Matt Ocko;Menlo Ventures;Microsoft;Mike Walsh;MoneyTime Ventures;Morgan Stanley;Naval Ravikant;New Enterprise Associates;Nihal Mehta;Oren Michels;Public Investment Fund of Saudi Arabia;Qatar Investment Authority;Robin Sloan Bechtel;Rupert Murdoch;Scott Banister;Scott Belsky;Shawn Fanning;Signatures Capital;Square Peg Capital;Summit Partners;Sway Ventures;Tata Capital;The Times Group;Tiger Global Management;Times Internet;Toyota Motor Corporation;TPG Growth;Travis Kalanick;Troy Carter;Undisclosed Investors;USM Holdings;Valiant Capital Partners;Wellington Management;WME/IMG;Zachary Bogue",12458.74,"Mobile & Telecommunications","United States",California,"San Francisco",68000,68000
